"obec1","stat1","obec2","stat2","rok"
"Všeradice","Česká republika","Gernik","Rumunsko",2009
"Zadní Třebaň","Česká republika","Steineroth","Německo",2002
"Beroun","Česká republika","Brzeg","Polsko",2002
"Beroun","Česká republika","Condega","Nikaragua",1992
"Beroun","Česká republika","Goslar","Německo",1991
"Beroun","Česká republika","Rijswijk","Nizozemsko",1991
"Otročiněves","Česká republika","Glendalough","Irsko",2005
"Doksy","Česká republika","Comuni di Ledro","Itálie",2008
"Stochov","Česká republika","Bourbon Lancy","Francie",0
"Stochov","Česká republika","Saarwellingen","Německo",1989
"Kutná Hora","Česká republika","Bamenda","Kamerun",1999
"Kutná Hora","Česká republika","Eger","Maďarsko",2001
"Kutná Hora","Česká republika","Fidenza","Itálie",2004
"Kutná Hora","Česká republika","Kamenec Podolský","Ukrajina",2008
"Kutná Hora","Česká republika","Kremnica","Slovensko",1995
"Kutná Hora","Česká republika","Remeš","Francie",2008
"Kutná Hora","Česká republika","Ringsted","Dánsko",1988
"Kutná Hora","Česká republika","Stamford Twinning Association","Velká Británie",2002
"Kutná Hora","Česká republika","Tarnowskie Góry","Polsko",2003
"Mělník","Česká republika","Oranienburg","Německo",1970
"Mělník","Česká republika","Przeworsk","Polsko",2008
"Mělník","Česká republika","Sandanski - Melnik","Bulharsko",2011
"Mělník","Česká republika","Wetzikon","Švýcarsko",1991
"Kralupy nad Vltavou","Česká republika","Banyuls sur Mer","Francie",1993
"Kralupy nad Vltavou","Česká republika","Henningsdorf","Německo",1970
"Kralupy nad Vltavou","Česká republika","KOMÁRNO","Slovensko",1993
"Kralupy nad Vltavou","Česká republika","Sabac","Srbsko",1998
"Neratovice","Česká republika","Radeberg","Německo",0
"Bělá pod Bezdězem","Česká republika","Gross Bieberau","Německo",1995
"Bělá pod Bezdězem","Česká republika","Svätý Jur","Slovensko",2008
"Benátky nad Jizerou","Česká republika","Modra","Slovensko",2001
"Benátky nad Jizerou","Česká republika","Reinsdorf","Německo",1996
"Benátky nad Jizerou","Česká republika","Rossdorf","Německo",2004
"Mnichovo Hradiště","Česká republika","Erzhausen","Německo",1997
"Mnichovo Hradiště","Česká republika","Incisa in Val d´Arno","Itálie",2006
"Kosmonosy","Česká republika","Seeheim-Jugenheim","Německo",1997
"Dolní Stakory","Česká republika","Nová Dědina","Slovensko",2003
"Kamenné Zboží","Česká republika","Langen","Německo",1977
"Brandýs nad Labem-Stará Boleslav","Česká republika","Dunajevec","Ukrajina",2010
"Brandýs nad Labem-Stará Boleslav","Česká republika","Gödölló","Maďarsko",2009
"Brandýs nad Labem-Stará Boleslav","Česká republika","Montescudaio","Itálie",2008
"Říčany","Česká republika","Albertslund","Dánsko",0
"Říčany","Česká republika","Borken","Německo",0
"Říčany","Česká republika","Daiville","Francie",0
"Říčany","Česká republika","Grabow","Německo",0
"Říčany","Česká republika","Mölndal","Švédsko",0
"Říčany","Česká republika","Whitstable","Velká Británie",2000
"Úvaly","Česká republika","Spišské Bystré","Slovensko",2009
"Kostelec nad Černými Lesy","Česká republika","Mamirolle","Francie",0
"Prusice","Česká republika","Prusice","Polsko",2011
"Černošice","Česká republika","Gerbrunn","Německo",1995
"Černošice","Česká republika","Lešnica","Polsko",1997
"Černošice","Česká republika","Olesnice- okres nikoli město","Polsko",2008
"Jílové u Prahy","Česká republika","Holzgerlingen","Německo",1996
"Jílové u Prahy","Česká republika","Peschici","Itálie",2001
"Velké Přílepy","Česká republika","Szydlow","Polsko",2002
"Velké Přílepy","Česká republika","Zlaté Moravce","Slovensko",2001
"Rudná","Česká republika","Rudna","Polsko",2008
"Příbram","Česká republika","Altötting","Německo",0
"Příbram","Česká republika","Anor","Francie",2005
"Příbram","Česká republika","Čechov","Rusko",1994
"Příbram","Česká republika","Freiberg","Německo",1999
"Příbram","Česká republika","Hoorn","Nizozemsko",1992
"Příbram","Česká republika","Kežmarok","Slovensko",1997
"Příbram","Česká republika","Lešnica","Polsko",2009
"Příbram","Česká republika","Valle di Ledro","Itálie",2008
"Březnice","Česká republika","Lindow - Mark","Německo",2009
"Milín","Česká republika","Valle di Ledro","Itálie",2008
"Kamýk nad Vltavou","Česká republika","Golancz","Polsko",2008
"Sedlčany","Česká republika","Taverny","Francie",1993
"Sedlec-Prčice","Česká republika","Sutton Bridge","Velká Británie",2001
"Rakovník","Česká republika","Dietzenbach","Německo",1986
"Rakovník","Česká republika","Istra","Rusko",1996
"Rakovník","Česká republika","Koscian","Polsko",2005
"Rakovník","Česká republika","Královský Chlmec","Slovensko",0
"Týn nad Vltavou","Česká republika","Gmina Bardo","Polsko",37546
"České Budějovice","Česká republika","Linec","Rakousko",1994
"České Budějovice","Česká republika","Lorient","Francie",1997
"České Budějovice","Česká republika","Nitra","Slovensko",1994
"České Budějovice","Česká republika","Pasov","Německo",1993
"České Budějovice","Česká republika","Suhl","Německo",1979
"Borovany","Česká republika","Jolanda di Savoia","Itálie",2001
"Borovany","Česká republika","Muhleturnen","Švýcarsko",1995
"Kamenný Újezd","Česká republika","Krauchthal","Švýcarsko",1992
"Nové Hrady","Česká republika","Vaulx-Vraucourt","Francie",2008
"Nové Hrady","Česká republika","Weitra","Rakousko",1991
"Dražíč","Česká republika","Eichendorf - Reichstorf","Německo",1999
"Český Krumlov","Česká republika","Hauzenberg","Německo",1991
"Český Krumlov","Česká republika","Kaluš","Ukrajina",1993
"Český Krumlov","Česká republika","Miami Beach","Spojené státy americké",2001
"Český Krumlov","Česká republika","San Gimignano","Itálie",2008
"Český Krumlov","Česká republika","Slovenj Gradec","Slovinsko",1997
"Český Krumlov","Česká republika","Vöcklabruck","Rakousko",1997
"Vyšší Brod","Česká republika","Bad Leonfelden","Rakousko",2005
"Vyšší Brod","Česká republika","Freistadt","Rakousko",2005
"Nová Ves","Česká republika","Wileroltigen","Švýcarsko",1998
"Jindřichův Hradec","Česká republika","Neckargemünd","Německo",1996
"Jindřichův Hradec","Česká republika","Zwettl","Rakousko",2006
"Dačice","Česká republika","Gross-Siegharts","Rakousko",1990
"Chlum u Třeboně","Česká republika","Litschau","Rakousko",2006
"Nová Bystřice","Česká republika","Heidenreichstein","Rakousko",2002
"Novosedly nad Nežárkou","Česká republika","Leiben","Rakousko",2005
"Novosedly nad Nežárkou","Česká republika","Trub","Švýcarsko",1994
"Rapšach","Česká republika","Brand-Nagelberg","Rakousko",2007
"Slavonice","Česká republika","Dobersberg","Rakousko",1996
"Slavonice","Česká republika","Stakčín","Slovensko",2001
"Suchdol nad Lužnicí","Česká republika","Brand-Nagelberg","Rakousko",0
"Třeboň","Česká republika","Horsens","Dánsko",0
"Třeboň","Česká republika","Interlaken","Švýcarsko",1994
"Třeboň","Česká republika","Schrems","Rakousko",1991
"Třeboň","Česká republika","Utena","Litva",1994
"Kovářov","Česká republika","Leiben","Rakousko",2005
"Kovářov","Česká republika","Seftigen","Švýcarsko",1992
"Milevsko","Česká republika","Guichen","Francie",1994
"Milevsko","Česká republika","Münchenbuchsee","Švýcarsko",1991
"Milevsko","Česká republika","Unterweissenbach","Rakousko",2006
"Mirotice","Česká republika","Frauenkappelen","Švýcarsko",1992
"Písek","Česká republika","Caerphilly","Velká Británie",1994
"Písek","Česká republika","Deggendorf","Německo",2008
"Písek","Česká republika","Lemvig","Dánsko",2005
"Písek","Česká republika","Wetzlar","Německo",2006
"Prachatice","Česká republika","Castrocaro terme e Terra del Sole","Itálie",2004
"Prachatice","Česká republika","Grainet","Německo",1996
"Prachatice","Česká republika","Ignalina","Litva",1998
"Prachatice","Česká republika","Impruneta","Itálie",1988
"Prachatice","Česká republika","Mauthausen","Rakousko",1991
"Prachatice","Česká republika","Rogachev","Bělorusko",1999
"Prachatice","Česká republika","Waldkirchen","Německo",1996
"Prachatice","Česká republika","Zvolen","Slovensko",1991
"Lhenice","Česká republika","Gurbrü","Švýcarsko",1993
"Lhenice","Česká republika","Správní společenství Lalling","Německo",2011
"Mičovice","Česká republika","Správní společenství Lalling","Německo",2008
"Stachy","Česká republika","Ruderting","Německo",1995
"Vimperk","Česká republika","Freyung","Německo",2003
"Malenice","Česká republika","Aicha","Německo",2004
"Radomyšl","Česká republika","Montoggio","Itálie",2005
"Vodňany","Česká republika","Kisbér","Maďarsko",2010
"Vodňany","Česká republika","Oravský Podzámok","Slovensko",2002
"Vodňany","Česká republika","Sieraków nad Warta","Polsko",2000
"Vodňany","Česká republika","Wartberg ob der Aist","Rakousko",2001
"Volyně","Česká republika","Aidenbach","Německo",1992
"Nišovice","Česká republika","Niedrried","Švýcarsko",1992
"Strakonice","Česká republika","Bad Salzungen","Německo",1977
"Strakonice","Česká republika","Calderdale","Velká Británie",1992
"Strakonice","Česká republika","Lengnau","Švýcarsko",1994
"Blatná","Česká republika","Roggwil","Švýcarsko",1992
"Blatná","Česká republika","Sarge-Les-Le Mans","Francie",1993
"Blatná","Česká republika","Vacha","Německo",0
"Blatná","Česká republika","Važec","Slovensko",0
"Chelčice","Česká republika","Správní společenství Lalling","Německo",2006
"Sezimovo Ústí","Česká republika","Thierachern","Švýcarsko",1992
"Soběslav","Česká republika","Mesto Sabinov","Slovensko",2006
"Tábor","Česká republika","Dole","Francie",1997
"Tábor","Česká republika","Kostnice","Německo",1984
"Tábor","Česká republika","Nové Zámky","Slovensko",2011
"Tábor","Česká republika","Orinda","Spojené státy americké",1999
"Tábor","Česká republika","Škofja Loka","Slovinsko",2006
"Tábor","Česká republika","Wels","Rakousko",2005
"Kdyně","Česká republika","Eschlkam","Německo",1992
"Poběžovice","Česká republika","Radelfingen","Švýcarsko",1998
"Poběžovice","Česká republika","Schönsee","Německo",1992
"Postřekov","Česká republika","Altendorf","Německo",2009
"Domažlice","Česká republika","Furth bei Göttweig","Rakousko",1993
"Domažlice","Česká republika","Furth im Wald","Německo",1990
"Domažlice","Česká republika","Ludres","Francie",1994
"Bělá nad Radbuzou","Česká republika","Eslarn","Německo",1990
"Bělá nad Radbuzou","Česká republika","Hindelbank","Švýcarsko",1995
"Holýšov","Česká republika","Kümmersbruck","Německo",1992
"Hostouň","Česká republika","Waldthurn","Německo",1238
"Klatovy","Česká republika","Heemskerk","Nizozemsko",1997
"Klatovy","Česká republika","Cham","Německo",1992
"Klatovy","Česká republika","Polevskoj","Rusko",2010
"Klatovy","Česká republika","Poligny","Francie",1992
"Horažďovice","Česká republika","Heimberg","Švýcarsko",0
"Janovice nad Úhlavou","Česká republika","Arrach","Německo",2009
"Plánice","Česká republika","Rubigen","Švýcarsko",1992
"Plánice","Česká republika","Weiding","Německo",2002
"Rabí","Česká republika","Regen","Německo",2011
"Žichovice","Česká republika","Stayer","Rakousko",2009
"Sušice","Česká republika","Gemeinde Uetendorf","Švýcarsko",1994
"Sušice","Česká republika","Gemeinde Wenzenbach","Německo",2004
"Sušice","Česká republika","Stadt Bad Kötzting","Německo",1995
"Plzeň","Česká republika","Birmingham","Spojené státy americké",2005
"Plzeň","Česká republika","Liege","Belgie",1965
"Plzeň","Česká republika","Limoges","Francie",1987
"Plzeň","Česká republika","Regensburg","Německo",1993
"Plzeň","Česká republika","Takasaki","Japonsko",1990
"Plzeň","Česká republika","Winterthur","Švýcarsko",1994
"Plzeň","Česká republika","Žilina","Slovensko",2010
"Blovice","Česká republika","Teublitz","Německo",1993
"Blovice","Česká republika","Triptis","Německo",1991
"Dobřany","Česká republika","Brežice","Slovinsko",2002
"Dobřany","Česká republika","Obertraubling","Německo",2001
"Nepomuk","Česká republika","Anyksciai","Litva",1995
"Nepomuk","Česká republika","Kemnath","Německo",2008
"Nepomuk","Česká republika","Krupina","Slovensko",1992
"Nepomuk","Česká republika","Omiš","Chorvatsko",1994
"Nepomuk","Česká republika","Sanzeno","Itálie",2002
"Nepomuk","Česká republika","Swalmen (Roermond)","Nizozemsko",1992
"Nepomuk","Česká republika","Wisla","Polsko",1993
"Všeruby","Česká republika","Eschlkam","Německo",1990
"Všeruby","Česká republika","Neukirchen","Německo",1990
"Rokycany","Česká republika","Greiz","Německo",1981
"Rokycany","Česká republika","Pfinztal","Německo",1990
"Mýto","Česká republika","Berga","Německo",1965
"Mýto","Česká republika","Gauchy","Francie",1992
"Mýto","Česká republika","Grafenwohr","Německo",2008
"Strašice","Česká republika","Hohenfels","Německo",2008
"Strašice","Česká republika","Ören","Turecko",2008
"Tachov","Česká republika","Barnau","Německo",1999
"Tachov","Česká republika","Statroda","Německo",1974
"Bezdružice","Česká republika","Pullenreuth","Německo",2009
"Bezdružice","Česká republika","Waldershof","Německo",2009
"Bor","Česká republika","Pleystein","Německo",2003
"Bor","Česká republika","Wernberg-Köblitz","Německo",2010
"Halže","Česká republika","Bärnau","Německo",1999
"Halže","Česká republika","Guteneck","Německo",2011
"Konstantinovy Lázně","Česká republika","Bad Brambach","Německo",1994
"Konstantinovy Lázně","Česká republika","Follonica","Itálie",2005
"Konstantinovy Lázně","Česká republika","Neualbenreuth","Německo",1994
"Planá","Česká republika","Tirschenreuth","Německo",2008
"Rozvadov","Česká republika","Waidhaus","Německo",1990
"Stříbro","Česká republika","Dinkelsbühl","Německo",1998
"Stříbro","Česká republika","Fano","Itálie",2001
"Stříbro","Česká republika","Moncoutant","Francie",2009
"Stříbro","Česká republika","Oelsnitz","Německo",2002
"Stříbro","Česká republika","Vohenstraus","Německo",1990
"Skalná","Česká republika","Neusorg","Německo",1991
"Cheb","Česká republika","Hof","Německo",2004
"Cheb","Česká republika","Nižní Tagil","Rusko",1990
"Cheb","Česká republika","Rheden","Nizozemsko",1990
"Aš","Česká republika","Fiumefreddo di Sicilia","Itálie",0
"Aš","Česká republika","Oelsnitz","Německo",0
"Aš","Česká republika","Plauen","Německo",0
"Aš","Česká republika","Rehau","Německo",0
"Libá","Česká republika","Hohenberg a.d. Eger","Německo",2004
"Luby","Česká republika","Erlbach","Německo",2004
"Mariánské Lázně","Česká republika","Bad Homburg","Německo",1991
"Mariánské Lázně","Česká republika","Chianciano","Itálie",0
"Mariánské Lázně","Česká republika","Marcoussis","Francie",0
"Mariánské Lázně","Česká republika","Nižní Tagil","Rusko",2007
"Mariánské Lázně","Česká republika","Weiden","Německo",2008
"Pomezí nad Ohří","Česká republika","Schirnding","Německo",2003
"Milíkov","Česká republika","Schwebheim","Německo",1994
"Karlovy Vary","Česká republika","Baden-Baden","Německo",1998
"Karlovy Vary","Česká republika","Bernkastel-Kues","Německo",2000
"Karlovy Vary","Česká republika","Carlsbad","Spojené státy americké",1991
"Karlovy Vary","Česká republika","Cassino","Itálie",1991
"Karlovy Vary","Česká republika","Kusatsu","Japonsko",1992
"Karlovy Vary","Česká republika","Locarno","Švýcarsko",1965
"Karlovy Vary","Česká republika","Varberg","Švédsko",2004
"Karlovy Vary","Česká republika","Viareggio","Itálie",1987
"Bochov","Česká republika","Markt Thiersheim","Německo",2009
"Nová Role","Česká republika","Breitenbrunn","Německo",2007
"Ostrov","Česká republika","Rastatt","Německo",1991
"Ostrov","Česká republika","Wunsiedel","Německo",2009
"Sokolov","Česká republika","Saalfeld","Německo",1974
"Sokolov","Česká republika","Schwandorf","Německo",2000
"Březová","Česká republika","Pausa","Německo",2005
"Horní Slavkov","Česká republika","Arzberg","Německo",2007
"Horní Slavkov","Česká republika","Slawkow","Polsko",2000
"Horní Slavkov","Česká republika","Syrau","Německo",2009
"Kraslice","Česká republika","Klingenthal","Německo",1971
"Kynšperk nad Ohří","Česká republika","Himmelkron","Německo",2001
"Loket","Česká republika","Illertissen","Německo",2000
"Děčín","Česká republika","Jonava","Litva",2005
"Děčín","Česká republika","Pirna","Německo",1998
"Děčín","Česká republika","Ružomberk","Slovensko",2008
"Benešov nad Ploučnicí","Česká republika","Heidenau","Německo",1992
"Varnsdorf","Česká republika","Grossschönau","Německo",1997
"Varnsdorf","Česká republika","Löbau","Německo",2000
"Varnsdorf","Česká republika","Seifhennersdorf","Německo",0
"Chomutov","Česká republika","Annaberg-Buchholz","Německo",1999
"Chomutov","Česká republika","Arenzano","Itálie",2005
"Chomutov","Česká republika","Bernburg","Německo",1995
"Chomutov","Česká republika","Lauda-Königshofen","Německo",2000
"Jirkov","Česká republika","Brand-Erbisdorf","Německo",0
"Kadaň","Česká republika","Aue","Německo",2006
"Kadaň","Česká republika","Halle","Belgie",2003
"Klášterec nad Ohří","Česká republika","Baarn","Nizozemsko",1994
"Klášterec nad Ohří","Česká republika","Grossrückerswalde","Německo",2009
"Místo","Česká republika","Stadt Schlettau","Německo",2004
"Litoměřice","Česká republika","Armentieres","Francie",1998
"Litoměřice","Česká republika","Calamba","Filipíny",2006
"Litoměřice","Česká republika","Dapitan","Filipíny",2006
"Litoměřice","Česká republika","Fulda","Německo",2001
"Litoměřice","Česká republika","Meissen","Německo",1996
"Roudnice nad Labem","Česká republika","Dessau-Rosslau","Německo",2004
"Roudnice nad Labem","Česká republika","Ruelle sur Touvre","Francie",1992
"Třebívlice","Česká republika","Wiederitzsch","Německo",2001
"Louny","Česká republika","Barendrecht","Nizozemsko",1991
"Louny","Česká republika","Lučenec","Slovensko",0
"Louny","Česká republika","Veneux - Les Sablons","Francie",2004
"Louny","Česká republika","Zschopau","Německo",1972
"Slavětín","Česká republika","Leubsdorf","Německo",2005
"Žatec","Česká republika","Krasnystaw","Polsko",0
"Žatec","Česká republika","Poperinge","Belgie",0
"Žatec","Česká republika","Thum","Německo",0
"Žatec","Česká republika","Žalec","Slovinsko",0
"Líšťany","Česká republika","Mildenau","Německo",2004
"Blšany u Loun","Česká republika","Leubzdorf","Německo",2001
"Most","Česká republika","Marienberg","Německo",1992
"Most","Česká republika","Meppel","Nizozemsko",1999
"Litvínov","Česká republika","Brie-Comte-Robert","Francie",2011
"Litvínov","Česká republika","Olbernhau","Německo",1992
"Meziboří","Česká republika","Sayda","Německo",1995
"Meziboří","Česká republika","Sogliano al Rubicone","Itálie",1991
"Nová Ves v Horách","Česká republika","Deutschneudorf","Německo",2000
"Obrnice","Česká republika","Zschopau","Německo",2011
"Bílina","Česká republika","Ales","Francie",0
"Bílina","Česká republika","Bilgoraj","Polsko",1994
"Bílina","Česká republika","Crailsheim","Německo",0
"Bílina","Česká republika","Dippoldiswalde","Německo",2005
"Bílina","Česká republika","Nowowolynsk","Ukrajina",2000
"Bílina","Česká republika","Saeby","Dánsko",1992
"Bílina","Česká republika","Stropkov","Slovensko",2008
"Duchcov","Česká republika","Miltenberg","Německo",2004
"Duchcov","Česká republika","Mulda","Německo",2005
"Háj u Duchcova","Česká republika","Kreischa","Německo",2003
"Měrunice","Česká republika","Beuren, obecní část města Leinefelde - Worbis","Německo",2004
"Měrunice","Česká republika","Reifland - obecní část města Lengefeld","Německo",2005
"Osek","Česká republika","Frauenstein","Německo",2010
"Osek","Česká republika","Lengefeld","Německo",2009
"Chabařovice","Česká republika","Drebach","Německo",0
"Chabařovice","Česká republika","Ždiar","Slovensko",0
"Trmice","Česká republika","Königstein","Německo",2002
"Doksy","Česká republika","Bolków","Polsko",2006
"Doksy","Česká republika","Oybin","Německo",2005
"Kamenický Šenov","Česká republika","Frauenau","Německo",2008
"Kamenický Šenov","Česká republika","Rheinbach","Německo",2002
"Kamenický Šenov","Česká republika","Weisswasser","Německo",2004
"Kamenický Šenov","Česká republika","Zwiesel","Německo",2008
"Mimoň","Česká republika","Nová Baňa","Slovensko",2008
"Mimoň","Česká republika","Oelzsnitz","Německo",2000
"Mimoň","Česká republika","Zlotoryia","Polsko",2000
"Nový Bor","Česká republika","Mednogorsk","Rusko",2007
"Nový Bor","Česká republika","Oybin","Německo",2007
"Jablonec nad Nisou","Česká republika","Budyšín","Německo",1993
"Jablonec nad Nisou","Česká republika","Jelení Hora","Polsko",2007
"Jablonec nad Nisou","Česká republika","Kaufbeuren","Německo",2009
"Jablonec nad Nisou","Česká republika","Zwickau","Německo",2001
"Rychnov u Jablonce nad Nisou","Česká republika","Gromadka","Polsko",2011
"Smržovka","Česká republika","Juchnowiec Koscielny","Polsko",2007
"Smržovka","Česká republika","Plouhinec","Francie",1994
"Smržovka","Česká republika","Rammenau","Německo",1998
"Smržovka","Česká republika","Unsere Liebe Frau im Walde – Sankt Felix","Itálie",1994
"Smržovka","Česká republika","Weidenberg","Německo",1993
"Tanvald","Česká republika","Burbach","Německo",1991
"Tanvald","Česká republika","Lubomerz","Polsko",2009
"Tanvald","Česká republika","Wittichenau","Německo",1992
"Habartice","Česká republika","Město Zawidów","Polsko",2006
"Hejnice","Česká republika","Leknica","Polsko",2000
"Hodkovice nad Mohelkou","Česká republika","Wegliniec","Polsko",0
"Chrastava","Česká republika","Eichstätt","Německo",2002
"Chrastava","Česká republika","Lwówek Śląski","Polsko",2007
"Kobyly","Česká republika","Kobyly","Slovensko",2003
"Kobyly","Česká republika","Stolno","Polsko",2005
"Nové Město pod Smrkem","Česká republika","Leśna","Polsko",1994
"Nové Město pod Smrkem","Česká republika","Mirsk","Polsko",1996
"Nové Město pod Smrkem","Česká republika","Świeradów-Zdrój","Polsko",2007
"Osečná","Česká republika","Krotoszyce","Polsko",0
"Osečná","Česká republika","Markersdorf","Německo",0
"Osečná","Česká republika","Torrevecchia Pia","Itálie",2011
"Příšovice","Česká republika","Zittau","Německo",2009
"Dětřichov","Česká republika","Sieniawka","Polsko",2008
"Paseky nad Jizerou","Česká republika","Jezow Sudecki","Polsko",2003
"Paseky nad Jizerou","Česká republika","Vierkirchen","Německo",2007
"Bozkov","Česká republika","Wielke Janowice","Polsko",2008
"Jablonec nad Jizerou","Česká republika","Sulzbach am Taunus","Německo",1987
"Rokytnice nad Jizerou","Česká republika","Wojcieszow","Polsko",2007
"Rovensko pod Troskami","Česká republika","Mecinka","Polsko",0
"Výrava","Česká republika","obec Výrava, Prešovský kraj","Slovensko",2007
"Výrava","Česká republika","Výrava","Slovensko",2007
"Hradec Králové","Česká republika","Alessandria","Itálie",1961
"Hradec Králové","Česká republika","Arnhem","Nizozemsko",1992
"Hradec Králové","Česká republika","Banská Bystrica","Slovensko",1950
"Hradec Králové","Česká republika","Černihiv","Ukrajina",2010
"Hradec Králové","Česká republika","Giessen","Německo",1990
"Hradec Králové","Česká republika","Kaštela","Chorvatsko",1992
"Hradec Králové","Česká republika","Metz","Francie",2001
"Hradec Králové","Česká republika","Walbrzych","Polsko",1991
"Hradec Králové","Česká republika","Wroclaw","Polsko",2003
"Chlumec nad Cidlinou","Česká republika","Valaská","Slovensko",2009
"Libčany","Česká republika","le Mele sur Sarthe","Francie",1995
"Nový Bydžov","Česká republika","Brezno","Slovensko",2000
"Nový Bydžov","Česká republika","Cascinette d´ Ivrea","Itálie",2001
"Nový Bydžov","Česká republika","Nadlac","Rumunsko",2010
"Jičín","Česká republika","Erbach","Německo",1993
"Hořice","Česká republika","Jablonka","Polsko",2010
"Hořice","Česká republika","Kerepes","Maďarsko",2009
"Hořice","Česká republika","Trstená","Slovensko",0
"Kopidlno","Česká republika","Swidnica","Polsko",2011
"Lužany","Česká republika","Swidnica","Polsko",2010
"Česká Skalice","Česká republika","Miasto i Gmina Polanica Zdroj","Polsko",2008
"Česká Skalice","Česká republika","Polanica-Zdrój","Polsko",2002
"Hejtmánkovice","Česká republika","Scienawka Sriedna","Polsko",2000
"Horní Radechová","Česká republika","Braszowice","Polsko",2002
"Hronov","Česká republika","Bielawa","Polsko",1998
"Hronov","Česká republika","Kudowa Zdroj","Polsko",1996
"Jaroměř","Česká republika","Ziębice","Polsko",0
"Martínkovice","Česká republika","Scinawka Dolna","Polsko",2003
"Meziměstí","Česká republika","Mieroszow","Polsko",2000
"Meziměstí","Česká republika","Sokolowsko","Polsko",1984
"Meziměstí","Česká republika","Walbrzych - powiat","Polsko",2010
"Nové Město nad Metují","Česká republika","Duszniki Zdrój","Polsko",1997
"Nové Město nad Metují","Česká republika","Hilden","Německo",1989
"Nové Město nad Metují","Česká republika","Warrington","Velká Británie",1989
"Velichovky","Česká republika","Jedlina - Zdrój","Polsko",2004
"Velichovky","Česká republika","St. Etienne de Crossey","Francie",2010
"Čermná nad Orlicí","Česká republika","Češko Selo","Srbsko",2004
"Čermná nad Orlicí","Česká republika","Kruščica","Srbsko",2004
"Čermná nad Orlicí","Česká republika","Spišské Tomášovce","Slovensko",2009
"Dobruška","Česká republika","Abrahámhegy","Maďarsko",2001
"Dobruška","Česká republika","Miejska Górka","Polsko",2008
"Dobruška","Česká republika","Pilawa Górna","Polsko",2011
"Dobruška","Česká republika","Radków","Polsko",2009
"Kostelec nad Orlicí","Česká republika","Bielawa","Polsko",2009
"Kostelec nad Orlicí","Česká republika","Myjava","Slovensko",2004
"Kostelec nad Orlicí","Česká republika","Zeulenroda-Triebes","Německo",1998
"Králova Lhota","Česká republika","Obec Kráľova Lehota","Slovensko",2001
"Týniště nad Orlicí","Česká republika","Čierny Balog","Slovensko",1999
"Trutnov","Česká republika","Kamienna Góra","Polsko",1997
"Trutnov","Česká republika","Kepno","Polsko",2005
"Trutnov","Česká republika","Lohfelden","Německo",2007
"Trutnov","Česká republika","Senica","Slovensko",1998
"Trutnov","Česká republika","Strzelin","Polsko",2005
"Trutnov","Česká republika","Swidnica","Polsko",1998
"Trutnov","Česká republika","Würzburg","Německo",2008
"Černý Důl","Česká republika","Grossenheidorn","Německo",2000
"Černý Důl","Česká republika","Karpacz","Polsko",2009
"Černý Důl","Česká republika","Kowary","Polsko",2007
"Dvůr Králové nad Labem","Česká republika","Piegaro","Itálie",2001
"Dvůr Králové nad Labem","Česká republika","Verneuil en Halatte","Francie",2000
"Horní Maršov","Česká republika","Kurort-Rathen","Německo",2004
"Horní Maršov","Česká republika","Myslakowice","Polsko",2008
"Hostinné","Česká republika","Bensheim","Německo",2002
"Jívka","Česká republika","Jelcz Laskowice","Polsko",2000
"Lánov","Česká republika","Karpacz","Polsko",2004
"Lánov","Česká republika","Szklarska Poreba","Polsko",2004
"Úpice","Česká republika","Oberbip","Švýcarsko",0
"Úpice","Česká republika","Piechwice","Polsko",0
"Vrchlabí","Česká republika","Baunatal","Německo",1991
"Vrchlabí","Česká republika","Kowary","Polsko",2006
"Vrchlabí","Česká republika","Trouville sur Mer","Francie",1993
"Chrudim","Česká republika","Ede","Nizozemsko",1993
"Chrudim","Česká republika","Olešnica","Polsko",1998
"Chrudim","Česká republika","Svidník","Slovensko",1998
"Nasavrky","Česká republika","Nová Lesná","Slovensko",2003
"Dříteč","Česká republika","Zlatá Baňa","Slovensko",2009
"Holice","Česká republika","Medzev","Slovensko",1999
"Holice","Česká republika","Strzelce Opolskie","Polsko",2006
"Pardubice","Česká republika","Doetinchem","Nizozemsko",1992
"Pardubice","Česká republika","Merano","Itálie",2001
"Pardubice","Česká republika","Rosignano Marittiomo","Itálie",1965
"Pardubice","Česká republika","Selb","Německo",1991
"Pardubice","Česká republika","Schönebeck","Německo",1993
"Pardubice","Česká republika","Skelleftea","Švédsko",1968
"Svitavy","Česká republika","Plochingen","Německo",1991
"Svitavy","Česká republika","Stendal","Německo",1999
"Svitavy","Česká republika","Villecresnes","Francie",2009
"Svitavy","Česká republika","Žiar nad Hronom","Slovensko",1975
"Svitavy","Česká republika","Žiar nad Hronom","Slovensko",2006
"Bystré","Česká republika","Kilingi Nömme","Estonsko",1999
"Bystré","Česká republika","Kirchheim im Innkreis","Rakousko",2000
"Bystré","Česká republika","Palkonya","Maďarsko",1999
"Bystré","Česká republika","Paxos","Řecko",1999
"Bystré","Česká republika","Pergine Valdarno","Itálie",1999
"Bystré","Česká republika","Porrua","Španělsko",1999
"Bystré","Česká republika","Schachdorf Ströbeck - Halberstadt","Německo",1999
"Bystré","Česká republika","Tommerup","Dánsko",1999
"Bystré","Česká republika","Wijk aan Zee","Nizozemsko",1999
"Litomyšl","Česká republika","Levoča","Slovensko",2003
"Litomyšl","Česká republika","Noordenveld - Roden","Nizozemsko",1991
"Moravská Třebová","Česká republika","Banská Štiavnica","Slovensko",1997
"Moravská Třebová","Česká republika","Stauffenberg","Německo",2005
"Moravská Třebová","Česká republika","Vlaardingen","Nizozemsko",1995
"Opatov","Česká republika","Drezzo","Itálie",2004
"Polička","Česká republika","Ebes","Maďarsko",2004
"Polička","Česká republika","Hohenems","Rakousko",1996
"Polička","Česká republika","Westerveld","Nizozemsko",1991
"Česká Třebová","Česká republika","Agrate Brianza","Itálie",2005
"Česká Třebová","Česká republika","Olawa","Polsko",2000
"Česká Třebová","Česká republika","Svit","Slovensko",2005
"Dolní Dobrouč","Česká republika","Rovereto, Marco","Itálie",1999
"Libchavy","Česká republika","Strzelin","Polsko",2010
"Klášterec nad Orlicí","Česká republika","Trzebieszowice","Polsko",2003
"Kunvald","Česká republika","Lititz v Pensylvanii","Spojené státy americké",2006
"Lanškroun","Česká republika","Castiglione in Teverina","Itálie",1996
"Lanškroun","Česká republika","Dzierzoniów","Polsko",1999
"Lanškroun","Česká republika","Kežmarok","Slovensko",1997
"Lanškroun","Česká republika","Serock","Polsko",1999
"Letohrad","Česká republika","Hausen am Albis","Švýcarsko",1996
"Letohrad","Česká republika","Niemcza","Polsko",2008
"Vysoké Mýto","Česká republika","Korbach","Německo",2000
"Vysoké Mýto","Česká republika","Pyrzyce","Polsko",2003
"Žamberk","Česká republika","Fresagrandinaria","Itálie",2001
"Žamberk","Česká republika","Miharu","Japonsko",1997
"Žamberk","Česká republika","Nowa Sól","Polsko",1996
"Žamberk","Česká republika","Püttlingen","Německo",1996
"Žamberk","Česká republika","Rice Lake","Spojené státy americké",1994
"Žamberk","Česká republika","Saint Michel sur Orge","Francie",1996
"Žamberk","Česká republika","Senftenberg","Německo",1963
"Žamberk","Česká republika","Senftenberg","Rakousko",1996
"Žamberk","Česká republika","Vezsprém","Maďarsko",1996
"Přibyslav","Česká republika","Mook en Middelaar","Nizozemsko",1993
"Přibyslav","Česká republika","Sliač","Slovensko",2004
"Světlá nad Sázavou","Česká republika","Spilimbergo","Itálie",2007
"Světlá nad Sázavou","Česká republika","Wawolnica","Polsko",1996
"Ždírec nad Doubravou","Česká republika","Marktgemeinde Michelhausen","Rakousko",2006
"Jihlava","Česká republika","Heidenheim","Německo",2002
"Jihlava","Česká republika","Purmerend","Nizozemsko",1991
"Jihlava","Česká republika","Užhorod","Ukrajina",2010
"Radkov","Česká republika","Vrícko","Slovensko",2011
"Telč","Česká republika","Šala","Slovensko",1980
"Telč","Česká republika","Waidhofen an der Thaya","Rakousko",1991
"Pelhřimov","Česká republika","Dolný Kubín","Slovensko",0
"Pelhřimov","Česká republika","Sankt Valentin","Rakousko",0
"Červená Řečice","Česká republika","Kirchdorf","Švýcarsko",1992
"Kamenice nad Lipou","Česká republika","Śmigiel","Polsko",2006
"Kamenice nad Lipou","Česká republika","St. Georgen am Walde","Rakousko",2007
"Pacov","Česká republika","Arni","Švýcarsko",1994
"Počátky","Česká republika","Konolfingen","Švýcarsko",1992
"Počátky","Česká republika","Lokca","Slovensko",1998
"Želiv","Česká republika","Kiesn","Švýcarsko",1992
"Třebíč","Česká republika","Humenné","Slovensko",0
"Třebíč","Česká republika","Lilienfeld","Rakousko",0
"Třebíč","Česká republika","Oschatz","Německo",0
"Jemnice","Česká republika","Raabs an der Thaya","Rakousko",1999
"Jemnice","Česká republika","Reszel","Polsko",2004
"Náměšť nad Oslavou","Česká republika","Medzilaborce","Slovensko",2001
"Žďár nad Sázavou","Česká republika","Cairanne","Francie",2003
"Žďár nad Sázavou","Česká republika","Flobecq","Belgie",1999
"Žďár nad Sázavou","Česká republika","Schmölln","Německo",2001
"Bohdalov","Česká republika","Stare Oborzyska, Gmina Koscian","Polsko",2003
"Bystřice nad Pernštejnem","Česká republika","Crimmitchau","Německo",1970
"Bystřice nad Pernštejnem","Česká republika","Vranov nad Toplou","Slovensko",2006
"Jimramov","Česká republika","Meyrargues","Francie",1993
"Nové Město na Moravě","Česká republika","Waalre","Nizozemsko",1998
"Nové Město na Moravě","Česká republika","Ziano di Fiemme","Itálie",1998
"Rozsochy","Česká republika","Pisarowce","Polsko",2008
"Rozsochy","Česká republika","Sačurov","Slovensko",2008
"Škrdlovice","Česká republika","Poronin","Polsko",2008
"Velká Bíteš","Česká republika","Hanušovice nad Ťoplou","Slovensko",0
"Velká Bíteš","Česká republika","Torrevecchia Pia","Itálie",2007
"Velké Meziříčí","Česká republika","Modena","Itálie",2006
"Velké Meziříčí","Česká republika","San Benedetto del Tronto","Itálie",2004
"Velké Meziříčí","Česká republika","Vansbro","Švédsko",1969
"Blansko","Česká republika","BOULOC","Francie",2009
"Blansko","Česká republika","KOMÁRNO","Slovensko",2005
"Blansko","Česká republika","LEGNICA","Polsko",2000
"Blansko","Česká republika","MÜRZZUSCHLAG","Rakousko",1992
"Blansko","Česká republika","SCANDIANO","Itálie",1964
"Boskovice","Česká republika","Frasnes-lez-Anvaing","Belgie",2008
"Boskovice","Česká republika","Levice","Slovensko",2008
"Boskovice","Česká republika","Rawa Mazowiecka","Polsko",2006
"Jedovnice","Česká republika","Aschheim","Německo",2000
"Kotvrdovice","Česká republika","Aschheim","Německo",1997
"Velké Opatovice","Česká republika","Elbingerode","Německo",1968
"Velké Opatovice","Česká republika","Kotrëdež","Slovinsko",0
"Velké Opatovice","Česká republika","Stari Grad","Chorvatsko",2004
"Brno","Česká republika","Bratislava","Slovensko",0
"Brno","Česká republika","Dallas","Spojené státy americké",1991
"Brno","Česká republika","Charkov","Ukrajina",2008
"Brno","Česká republika","Kaunas","Litva",1994
"Brno","Česká republika","Leeds","Velká Británie",2003
"Brno","Česká republika","Lipsko","Německo",1973
"Brno","Česká republika","Moskva","Rusko",2006
"Brno","Česká republika","Poznaň","Polsko",1966
"Brno","Česká republika","Rennes","Francie",1965
"Brno","Česká republika","St. Poelten","Rakousko",1991
"Brno","Česká republika","Stuttgart","Německo",1989
"Brno","Česká republika","Utrecht","Nizozemsko",1993
"Brno","Česká republika","Vídeň","Rakousko",1998
"Brno","Česká republika","Voroněž","Rusko",1967
"Brno-Líšeň","Česká republika","Stuttgart-Feuerbach","Německo",2009
"Dolní Kounice","Česká republika","Azay-Le-Brulé","Francie",2004
"Dolní Kounice","Česká republika","Caprese Michelangelo","Itálie",2004
"Ivančice","Česká republika","Radovljica","Slovinsko",2008
"Ivančice","Česká republika","Sládkovičovo","Slovensko",2011
"Ivančice","Česká republika","Soyaux","Francie",2002
"Ivančice","Česká republika","Stupava","Slovensko",2010
"Kanice","Česká republika","Spillern","Rakousko",1992
"Kuřim","Česká republika","Leopoldov","Slovensko",2004
"Medlov","Česká republika","Borów","Polsko",2009
"Oslavany","Česká republika","Schkeuditz","Německo",2005
"Oslavany","Česká republika","Vir","Chorvatsko",2009
"Pozořice","Česká republika","Ivanka pri Dunaji","Slovensko",2006
"Rosice","Česká republika","Lainate","Itálie",2004
"Rosice","Česká republika","Strenči","Lotyšsko",2004
"Tišnov","Česká republika","Moldava nad Bodvou","Slovensko",2001
"Tišnov","Česká republika","Sereď","Slovensko",2003
"Tišnov","Česká republika","Sulejow","Polsko",2006
"Židlochovice","Česká republika","Gbely","Slovensko",2004
"Židlochovice","Česká republika","Grosskrut","Rakousko",2009
"Židlochovice","Česká republika","Svaljava","Ukrajina",2005
"Pohořelice","Česká republika","Brezová pod Bradlom","Slovensko",2005
"Pohořelice","Česká republika","Poraj","Polsko",1995
"Dolní Loučky","Česká republika","Vinosady","Slovensko",2009
"Rakvice","Česká republika","Blatné","Slovensko",2007
"Rakvice","Česká republika","Pilisszetkereszt (Mlynky)","Maďarsko",0
"Velké Němčice","Česká republika","Horné Orešany","Slovensko",1992
"Břeclav","Česká republika","Andrychóv","Polsko",2005
"Břeclav","Česká republika","Brezová pod Bradlom","Slovensko",2006
"Břeclav","Česká republika","Priverno","Itálie",2008
"Břeclav","Česká republika","Trnava","Slovensko",1993
"Břeclav","Česká republika","Zwentendorf","Rakousko",1989
"Bořetice","Česká republika","Radošovce","Slovensko",2009
"Brumovice","Česká republika","Záhorská Bystrica","Slovensko",2004
"Kostice","Česká republika","Borský Sv.Jur","Slovensko",2010
"Lanžhot","Česká republika","Rabensburg","Rakousko",1990
"Nový Přerov","Česká republika","Wildendurnbach","Rakousko",2001
"Hodonín","Česká republika","Cattolica","Itálie",1997
"Hodonín","Česká republika","Holíč","Slovensko",2003
"Hodonín","Česká republika","Jaslo","Polsko",2009
"Hodonín","Česká republika","Stolberg/Harz","Německo",2002
"Hodonín","Česká republika","Trebišov","Slovensko",2008
"Hodonín","Česká republika","Zistersdorf","Rakousko",1990
"Bzenec","Česká republika","Egeln","Německo",2009
"Bzenec","Česká republika","Murs-Erigné","Francie",1998
"Hýsly","Česká republika","Beňadovo","Slovensko",2012
"Kyjov","Česká republika","Biograd na Moru","Chorvatsko",2011
"Kyjov","Česká republika","Hollabrunn","Rakousko",2005
"Kyjov","Česká republika","Seravezza","Itálie",2010
"Kyjov","Česká republika","Yvetot","Francie",1998
"Louka","Česká republika","Vrbovce","Slovensko",2007
"Starý Poddvorov","Česká republika","Lasse","Rakousko",2002
"Strážnice","Česká republika","Lefkada","Řecko",1987
"Strážnice","Česká republika","Skalica","Slovensko",1995
"Svatobořice-Mistřín","Česká republika","Boleráz","Slovensko",2009
"Svatobořice-Mistřín","Česká republika","Laa an der Thaya","Rakousko",2009
"Velká nad Veličkou","Česká republika","Nowy Dwór Gdański","Polsko",2008
"Veselí nad Moravou","Česká republika","Crespellano","Itálie",2000
"Veselí nad Moravou","Česká republika","Malacky","Slovensko",1998
"Veselí nad Moravou","Česká republika","Žnin","Polsko",1998
"Vlkoš","Česká republika","Prietrž","Slovensko",2004
"Vyškov","Česká republika","Doebeln","Německo",1992
"Vyškov","Česká republika","Jaroslaw","Polsko",2001
"Vyškov","Česká republika","Michalovce","Slovensko",1996
"Vyškov","Česká republika","Virovitica","Chorvatsko",2001
"Drnovice","Česká republika","Mikroregion Michalovce","Slovensko",0
"Rousínov","Česká republika","Dervio","Itálie",2004
"Rousínov","Česká republika","Halásztelek","Maďarsko",2005
"Rousínov","Česká republika","Podbranč","Slovensko",2006
"Slavkov u Brna","Česká republika","Austerlitz","Nizozemsko",1995
"Slavkov u Brna","Česká republika","Darney","Francie",1987
"Slavkov u Brna","Česká republika","Horn","Rakousko",2001
"Slavkov u Brna","Česká republika","Slawków","Polsko",1991
"Znojmo","Česká republika","Bratislava-Ružinov","Slovensko",2004
"Znojmo","Česká republika","Harderwijk","Nizozemsko",1991
"Znojmo","Česká republika","Nové Zámky","Slovensko",1993
"Znojmo","Česká republika","Pontassieve","Itálie",1963
"Znojmo","Česká republika","Retz","Rakousko",1998
"Znojmo","Česká republika","Strzegom","Polsko",1998
"Znojmo","Česká republika","Torgau","Německo",1997
"Znojmo","Česká republika","Trento -  Povo","Itálie",1996
"Znojmo","Česká republika","Trento - Villazzzano","Itálie",1996
"Břežany","Česká republika","Grossrussbach","Rakousko",1991
"Miroslav","Česká republika","Svaty Jur","Slovensko",0
"Vedrovice","Česká republika","Vysoká pri Morave","Slovensko",2008
"Vrbovec","Česká republika","Pernersdorf, Auggenthal, Alberndorf, Untermarkersdor, Hadres, Obritz, Mailberg, Seefeld","Rakousko",2011
"Suchohrdly","Česká republika","Albendorf","Rakousko",2008
"Jeseník","Česká republika","Bojnice","Slovensko",2002
"Jeseník","Česká republika","Glucholazy","Polsko",2002
"Jeseník","Česká republika","Neuburg an der Donau","Německo",2000
"Jeseník","Česká republika","Nysa","Polsko",1999
"Mikulovice","Česká republika","Glucholazy","Polsko",1997
"Mikulovice","Česká republika","Košice - Krásna","Slovensko",2007
"Mikulovice","Česká republika","Kuhegyesz","Maďarsko",2007
"Mikulovice","Česká republika","Pakoslawice","Polsko",1997
"Černá Voda","Česká republika","Gminy Skoroszyce","Polsko",1999
"Javorník","Česká republika","Otmuchów","Polsko",2006
"Javorník","Česká republika","Zloty Stok","Polsko",2007
"Česká Ves","Česká republika","Olzsanka","Polsko",2003
"Velké Kunětice","Česká republika","Slawniowice","Polsko",2003
"Zlaté Hory","Česká republika","Glucholazy","Polsko",1997
"Zlaté Hory","Česká republika","Ketrzyn","Polsko",1999
"Olomouc","Česká republika","Antony","Francie",1990
"Olomouc","Česká republika","Luzern","Švýcarsko",1992
"Olomouc","Česká republika","Noerdligen","Německo",1990
"Olomouc","Česká republika","Owensboro","Spojené státy americké",1993
"Olomouc","Česká republika","Pécs","Maďarsko",2002
"Olomouc","Česká republika","Subotica","Srbsko",1996
"Olomouc","Česká republika","Tampere","Finsko",1986
"Olomouc","Česká republika","Veenendaal","Nizozemsko",1993
"Hlubočky","Česká republika","Topolčianky","Slovensko",2004
"Litovel","Česká republika","Littau","Švýcarsko",2001
"Litovel","Česká republika","Mikolow","Polsko",2000
"Litovel","Česká republika","Revúca","Slovensko",1966
"Litovel","Česká republika","Wieliczka","Polsko",2000
"Náklo","Česká republika","Naklo nad Notecia","Polsko",2001
"Náměšť na Hané","Česká republika","Szczytna","Polsko",2008
"Uničov","Česká republika","Jelšava","Slovensko",1970
"Uničov","Česká republika","Ledziny","Polsko",2006
"Uničov","Česká republika","Roccagorga","Itálie",2005
"Prostějov","Česká republika","Hoyerswerda","Německo",2008
"Prostějov","Česká republika","Šróda","Polsko",2004
"Prostějov","Česká republika","Vysoké Tatry","Slovensko",2008
"Hranice","Česká republika","Hlohovec","Slovensko",2002
"Hranice","Česká republika","Konstancin-Jeziorna","Polsko",2006
"Hranice","Česká republika","Leidschendam-Voorburg","Nizozemsko",1990
"Radslavice","Česká republika","Raslavice","Slovensko",2004
"Rouské","Česká republika","Kuniow","Polsko",2009
"Sušice","Česká republika","Prozskow","Polsko",2008
"Dřevohostice","Česká republika","Gmina Turawa","Polsko",2007
"Přerov","Česká republika","Bardějov","Slovensko",2008
"Přerov","Česká republika","Cuijk","Nizozemsko",1993
"Přerov","Česká republika","Ivano-Frankivsk","Ukrajina",2010
"Přerov","Česká republika","Kedzierzyn-Kozle","Polsko",2007
"Přerov","Česká republika","Ozimek","Polsko",2010
"Šumperk","Česká republika","Bad Hersfeld","Německo",1994
"Šumperk","Česká republika","Ebreichsdorf","Rakousko",2002
"Šumperk","Česká republika","Maarsen","Nizozemsko",1994
"Šumperk","Česká republika","Nysa","Polsko",1996
"Šumperk","Česká republika","Polotsk","Bělorusko",2000
"Šumperk","Česká republika","Prievidza","Slovensko",2001
"Bludov","Česká republika","Lehota pod Vtáčnikom","Slovensko",2003
"Postřelmov","Česká republika","Kamenec pod Vtáčníkom","Slovensko",0
"Postřelmov","Česká republika","Moyenneville","Francie",2009
"Ruda nad Moravou","Česká republika","Kanianka","Slovensko",2008
"Sudkov","Česká republika","Glucholazy","Polsko",2009
"Sudkov","Česká republika","Nitrica","Slovensko",2004
"Štíty","Česká republika","Belvedere Ostrense","Itálie",2008
"Štíty","Česká republika","Niemodlin","Polsko",2007
"Úsov","Česká republika","Lazany","Slovensko",1972
"Jindřichov","Česká republika","Nitrianské Rudno","Slovensko",2003
"Zábřeh","Česká republika","Handlová","Slovensko",1975
"Zábřeh","Česká republika","Ochsenfurt","Německo",1996
"Mohelnice","Česká republika","Radlin","Polsko",2010
"Dolní Studénky","Česká republika","Sebedražie","Slovensko",2005
"Vikýřovice","Česká republika","Cigel´","Slovensko",2005
"Chvalčov","Česká republika","Zusmarshausen","Německo",1991
"Kroměříž","Česká republika","Chateaudun","Francie",1968
"Kroměříž","Česká republika","Krems an der Donau","Rakousko",1994
"Kroměříž","Česká republika","Nitra","Slovensko",1973
"Kroměříž","Česká republika","Piekary Slaskie","Polsko",2002
"Kroměříž","Česká republika","Ramnicu Valcea","Rumunsko",1969
"Holešov","Česká republika","Desinič","Chorvatsko",2007
"Holešov","Česká republika","Považská Bystrica","Slovensko",2009
"Holešov","Česká republika","Psczyna","Polsko",2006
"Holešov","Česká republika","Topolčianky","Slovensko",1971
"Holešov","Česká republika","Turčianské Teplice","Slovensko",2006
"Uherské Hradiště","Česká republika","Krosno","Polsko",2008
"Uherské Hradiště","Česká republika","Mayen","Německo",2008
"Uherské Hradiště","Česká republika","Priverno","Itálie",2008
"Uherské Hradiště","Česká republika","Skalica","Slovensko",2008
"Bojkovice","Česká republika","Trenčanská Turná","Slovensko",1978
"Buchlovice","Česká republika","Horný Hričov","Slovensko",2008
"Buchlovice","Česká republika","Soblahov","Slovensko",2004
"Košíky","Česká republika","Nová Bošáca","Slovensko",2009
"Nivnice","Česká republika","Jablonka","Slovensko",2010
"Pitín","Česká republika","Šajdíkove Humence","Slovensko",1980
"Strání","Česká republika","Euratsfeld","Rakousko",1991
"Strání","Česká republika","Moravské Lieskové","Slovensko",1990
"Tupesy","Česká republika","Nedašovce","Slovensko",2008
"Uherský Brod","Česká republika","Naarden","Nizozemsko",1992
"Uherský Brod","Česká republika","Nové Mesto nad Váhom","Slovensko",0
"Uherský Ostroh","Česká republika","Trenčanská Teplá","Slovensko",1997
"Kunovice","Česká republika","Pocheon","Korea",2007
"Kunovice","Česká republika","Stará Turá","Slovensko",2007
"Valašská Bystřice","Česká republika","Vavrišovo","Slovensko",2008
"Valašské Meziříčí","Česká republika","Budva","Černá Hora",2000
"Valašské Meziříčí","Česká republika","Bussum","Nizozemsko",1990
"Valašské Meziříčí","Česká republika","Čačak","Srbsko",2005
"Valašské Meziříčí","Česká republika","Čadca","Slovensko",2000
"Valašské Meziříčí","Česká republika","Sevlievo","Bulharsko",2005
"Ratiboř","Česká republika","Považská Bystrica, Považska Teplá","Slovensko",1972
"Rožnov pod Radhoštěm","Česká republika","Bergen","Německo",1997
"Rožnov pod Radhoštěm","Česká republika","Körmend","Maďarsko",2005
"Rožnov pod Radhoštěm","Česká republika","Považská Bystrica","Slovensko",1999
"Rožnov pod Radhoštěm","Česká republika","Śrem","Polsko",1998
"Vsetín","Česká republika","Bytom","Polsko",0
"Vsetín","Česká republika","Mödling","Rakousko",0
"Vsetín","Česká republika","Stará Lubovňa","Slovensko",0
"Vsetín","Česká republika","Trenčianaské Teplice","Slovensko",0
"Vsetín","Česká republika","Vrgorac","Chorvatsko",0
"Francova Lhota","Česká republika","Mestečko","Slovensko",2009
"Hutisko-Solanec","Česká republika","Obec Makov","Slovensko",2011
"Lačnov","Česká republika","sdružení obcí Púchovská dolina","Slovensko",1991
"Lukoveček","Česká republika","Kocurany","Slovensko",2008
"Ostrata","Česká republika","Rudník","Slovensko",2008
"Zlín","Česká republika","Altenburg","Německo",1997
"Zlín","Česká republika","Groningen","Nizozemsko",1996
"Zlín","Česká republika","Chorzów","Polsko",1998
"Zlín","Česká republika","Izegem","Belgie",1996
"Zlín","Česká republika","Limbach Oberfrohna","Německo",1998
"Zlín","Česká republika","Romans sur Isére","Francie",1997
"Zlín","Česká republika","Sesto san Giovanni","Itálie",2001
"Zlín","Česká republika","Trenčín","Slovensko",2000
"Bohuslavice u Zlína","Česká republika","Trenčianské Bohuslavice","Slovensko",2001
"Hvozdná","Česká republika","East Bernard","Spojené státy americké",2002
"Hvozdná","Česká republika","Makov","Slovensko",2005
"Luhačovice","Česká republika","Piešťany","Slovensko",2002
"Luhačovice","Česká republika","Topolčany","Slovensko",2008
"Luhačovice","Česká republika","Ustroň","Polsko",2000
"Návojná","Česká republika","Mikušovce","Slovensko",2007
"Otrokovice","Česká republika","Dubnica nad Váhom","Slovensko",1999
"Otrokovice","Česká republika","Zawadzkie","Polsko",2006
"Slavičín","Česká republika","Dubnica nad Váhom","Slovensko",2007
"Slavičín","Česká republika","Horné Srnie","Slovensko",2007
"Slavičín","Česká republika","Uhrovec","Slovensko",1964
"Šanov","Česká republika","Horná Súča","Slovensko",0
"Vizovice","Česká republika","Vrbové","Slovensko",1967
"Bruntál","Česká republika","Büdingen","Německo",2001
"Bruntál","Česká republika","Castellarano","Itálie",2002
"Bruntál","Česká republika","Opole","Polsko",1992
"Bruntál","Česká republika","Plungé","Litva",2005
"Bruntál","Česká republika","Štúrovo","Slovensko",2002
"Horní Benešov","Česká republika","Pszów","Polsko",2000
"Krnov","Česká republika","Glubczyce","Polsko",1991
"Krnov","Česká republika","Karben","Německo",1993
"Krnov","Česká republika","Minsk Mazowiecki","Polsko",2001
"Krnov","Česká republika","Pefki","Řecko",2002
"Krnov","Česká republika","Prudnik","Polsko",2002
"Krnov","Česká republika","Rajec","Slovensko",2010
"Krnov","Česká republika","Saint-Egréve","Francie",1998
"Krnov","Česká republika","Yukon","Spojené státy americké",2004
"Město Albrechtice","Česká republika","Biala","Polsko",2003
"Město Albrechtice","Česká republika","Komprachtice","Polsko",2004
"Osoblaha","Česká republika","Izbicko","Polsko",2007
"Rusín","Česká republika","Glubczyce","Polsko",2000
"Rýmařov","Česká republika","Krompachy","Slovensko",2004
"Rýmařov","Česká republika","Ozimek","Polsko",1997
"Rýmařov","Česká republika","Schotten","Německo",1996
"Světlá Hora","Česká republika","Polska Cerekiew","Polsko",1999
"Světlá Hora","Česká republika","Rieste","Německo",2002
"Úvalno","Česká republika","Branice","Polsko",1992
"Václavov u Bruntálu","Česká republika","Ozimek","Polsko",2008
"Frýdek-Místek","Česká republika","Ames, IOWA","Spojené státy americké",1996
"Frýdek-Místek","Česká republika","Gradačac","Bosna a Hercegovina",2006
"Frýdek-Místek","Česká republika","Jalta, Krym","Ukrajina",0
"Frýdek-Místek","Česká republika","Myslowice","Polsko",2004
"Frýdek-Místek","Česká republika","Nikaia","Řecko",0
"Frýdek-Místek","Česká republika","Powiat Zywiecki","Polsko",2009
"Frýdek-Místek","Česká republika","Urjupinsk","Rusko",0
"Frýdek-Místek","Česká republika","Žilina","Slovensko",2008
"Bruzovice","Česká republika","LODNO","Slovensko",2008
"Frýdlant nad Ostravicí","Česká republika","Friedland- Mecklenburg","Německo",1997
"Frýdlant nad Ostravicí","Česká republika","Friedland-Brandenburg","Německo",1997
"Frýdlant nad Ostravicí","Česká republika","Friedland-Niedersachsen","Německo",1997
"Frýdlant nad Ostravicí","Česká republika","Jalta, Krym","Ukrajina",0
"Frýdlant nad Ostravicí","Česká republika","Korfantow","Polsko",1997
"Frýdlant nad Ostravicí","Česká republika","Mieroszow","Polsko",1997
"Frýdlant nad Ostravicí","Česká republika","Powiat Zywiecki","Polsko",2009
"Frýdlant nad Ostravicí","Česká republika","Žilina","Slovensko",2008
"Jablunkov","Česká republika","Gogolin","Polsko",1998
"Jablunkov","Česká republika","Siemianowice Śląskie","Polsko",1998
"Lhotka","Česká republika","Jasienica","Polsko",2004
"Lhotka","Česká republika","Mníchova Lehota","Slovensko",2004
"Lhotka","Česká republika","Sihelné","Slovensko",2010
"Mosty u Jablunkova","Česká republika","Svrčinovec","Slovensko",2005
"Mosty u Jablunkova","Česká republika","Węgierska Górka","Polsko",2009
"Řepiště","Česká republika","Repiste","Slovensko",1990
"Vendryně","Česká republika","Čierné","Slovensko",2006
"Vendryně","Česká republika","Goleszów","Polsko",2003
"Dobratice","Česká republika","Zábiedovo","Slovensko",2008
"Dolní Tošanovice","Česká republika","Varín","Slovensko",2010
"Horní Tošanovice","Česká republika","Jaszszentandras","Maďarsko",2005
"Horní Tošanovice","Česká republika","Jaworze","Polsko",2002
"Horní Tošanovice","Česká republika","Strečno","Slovensko",2001
"Pržno","Česká republika","Krasňany","Slovensko",2010
"Pržno","Česká republika","Staškov","Slovensko",2008
"Košařiska","Česká republika","Dunajov","Slovensko",2007
"Košařiska","Česká republika","Rajcza","Polsko",2009
"Milíkov","Česká republika","Rakova","Slovensko",1996
"Písek","Česká republika","GOGOLIN  GOGOLIN","Polsko",1995
"Písek","Česká republika","PIETRKOVICE","Polsko",1995
"Písek","Česká republika","SZCZRK","Polsko",2005
"Havířov","Česká republika","Collegno","Itálie",1998
"Havířov","Česká republika","Harlow","Velká Británie",1990
"Havířov","Česká republika","Jastrzebie-Zdrój","Polsko",1990
"Havířov","Česká republika","Mažeikiai","Litva",1995
"Havířov","Česká republika","Omiš","Chorvatsko",2004
"Havířov","Česká republika","Paide","Estonsko",2005
"Havířov","Česká republika","Turčianské Teplice","Slovensko",2009
"Albrechtice","Česká republika","Debowiec","Polsko",1995
"Český Těšín","Česká republika","Cieszyn","Polsko",1996
"Český Těšín","Česká republika","Rožňava","Slovensko",2001
"Dětmarovice","Česká republika","Hažlach","Polsko",2011
"Bohumín","Česká republika","Gorzyce","Polsko",2007
"Bohumín","Česká republika","Krzyźanowice","Polsko",2010
"Bohumín","Česká republika","Prudnik","Polsko",2000
"Orlová","Česká republika","Crikvenica","Chorvatsko",2009
"Orlová","Česká republika","Czechowice-Dziedzice","Polsko",1993
"Orlová","Česká republika","Illnau-Effretikon","Švýcarsko",1990
"Orlová","Česká republika","Rydultowy","Polsko",1992
"Petřvald","Česká republika","Jasienica","Polsko",2002
"Petřvald","Česká republika","Strumień","Polsko",2002
"Nový Jičín","Česká republika","Epinal","Francie",0
"Nový Jičín","Česká republika","Görlitz","Německo",1981
"Nový Jičín","Česká republika","Kremnica","Slovensko",0
"Nový Jičín","Česká republika","Ludwigsburg","Německo",0
"Nový Jičín","Česká republika","Novellara","Itálie",1964
"Nový Jičín","Česká republika","Switochlovice","Polsko",1994
"Bílovec","Česká republika","Bad Neustadt","Německo",2001
"Bílovec","Česká republika","Kietrz","Polsko",2001
"Hodslavice","Česká republika","Príbovce","Slovensko",0
"Kopřivnice","Česká republika","Castiglione del Lago","Itálie",0
"Kopřivnice","Česká republika","Congleton","Velká Británie",0
"Kopřivnice","Česká republika","Myszków","Polsko",0
"Kopřivnice","Česká republika","Trappes","Francie",0
"Kopřivnice","Česká republika","Zwönitz","Německo",0
"Odry","Česká republika","Kuznia Raciborská","Polsko",2000
"Odry","Česká republika","Niefern-Öschelbronn","Německo",1998
"Studénka","Česká republika","Turany","Slovensko",2005
"Suchdol nad Odrou","Česká republika","Herrnhut","Německo",1995
"Suchdol nad Odrou","Česká republika","Karlstetten","Rakousko",2006
"Vražné","Česká republika","Babín","Slovensko",2011
"Vražné","Česká republika","Vasilov","Slovensko",2009
"Veřovice","Česká republika","Hendungen","Německo",1996
"Veřovice","Česká republika","Lampertswalde","Německo",1981
"Mošnov","Česká republika","Dražkovce","Slovensko",2008
"Ženklava","Česká republika","Uhingen","Německo",1992
"Vítkov","Česká republika","Kalety","Polsko",1994
"Vítkov","Česká republika","Vrbové","Slovensko",2009
"Háj ve Slezsku","Česká republika","Liptovské Sliače","Slovensko",1973
"Hlučín","Česká republika","Namyslow","Polsko",2000
"Hlučín","Česká republika","Nebelschűtz","Německo",2000
"Hlučín","Česká republika","Ružomberok","Slovensko",1995
"Hlučín","Česká republika","Santa Maria del Cedro","Itálie",2004
"Opava","Česká republika","Katovice","Polsko",2005
"Opava","Česká republika","Liptovský Mikuláš","Slovensko",1964
"Opava","Česká republika","Raciborz","Polsko",1991
"Opava","Česká republika","Roth","Německo",2001
"Opava","Česká republika","Tsukuba","Japonsko",2005
"Opava","Česká republika","Zywiec","Polsko",2008
"Kravaře","Česká republika","Lisková","Slovensko",0
"Kravaře","Česká republika","Wozniky","Polsko",0
"Ludgeřovice","Česká republika","Liptovská Kokava","Slovensko",2007
"Ludgeřovice","Česká republika","Nowy Zmigród","Polsko",2006
"Ludgeřovice","Česká republika","Putnok","Maďarsko",2006
"Ludgeřovice","Česká republika","Tisovec","Slovensko",2000
"Píšť","Česká republika","Gmina Krzyzanowice","Polsko",1998
"Pustá Polom","Česká republika","Gemerská Polom","Slovensko",2008
"Pustá Polom","Česká republika","Poloma","Slovensko",2008
"Pustá Polom","Česká republika","Polomka","Slovensko",2008
"Šilheřovice","Česká republika","Krzyžanowice","Polsko",0
"Štěpánkovice","Česká republika","Kitrz","Polsko",2005
"Štěpánkovice","Česká republika","Štrba","Slovensko",1968
"Velká Polom","Česká republika","Dlhá nad Oravou","Slovensko",2011
"Ostrava","Česká republika","Coventry","Velká Británie",0
"Ostrava","Česká republika","Doněck","Ukrajina",2009
"Ostrava","Česká republika","Drážďany","Německo",0
"Ostrava","Česká republika","Katowice","Polsko",0
"Ostrava","Česká republika","Košice","Slovensko",2001
"Ostrava","Česká republika","Miskolc","Maďarsko",2001
"Ostrava","Česká republika","Pittsburgh","Spojené státy americké",2001
"Ostrava","Česká republika","Split","Chorvatsko",1976
"Ostrava","Česká republika","Uralsk","Kazachstán",2008
"Ostrava","Česká republika","Volgograd","Rusko",0
"Stará Ves nad Ondřejnicí","Česká republika","Raková","Slovensko",0
"Šenov","Česká republika","Strumieň","Polsko",2002
"Šenov","Česká republika","Turzovka","Slovensko",2011
"Praha","Česká republika","Brusel","Belgie",2013
"Praha","Česká republika","Tchaj-pej","Tchaj-wan",2001
"Praha","Česká republika","Paříž","Francie",1997
"Praha","Česká republika","Kjóto","Japonsko",1996
"Praha","Česká republika","Soul","Korea",2005
"Praha","Česká republika","Hamburk","Německo",1990
"Praha","Česká republika","Frankfurt nad Mohanem","Německo",1990
"Praha","Česká republika","Norimberk","Německo",1990
"Praha","Česká republika","Berlín","Německo",1995
"Praha","Česká republika","Moskva","Rusko",1995
"Praha","Česká republika","Petrohrad","Rusko",1991
"Praha","Česká republika","Chicago","Spojené státy americké",1990
"Praha","Česká republika","Miami","Spojené státy americké",2010
"Praha","Česká republika","Phoenix","Spojené státy americké",1991
